<?xml version="1.0" encoding="UTF-8"?>
<rss version="2.0" xmlns:atom="http://www.w3.org/2005/Atom" xmlns:dc="http://purl.org/dc/elements/1.1/">
	<channel>
		<title>Dinesh Kumar Sarangapani</title>
		<description>Blog and website of Dinesh Kumar S, blogging mainly for tech. Opinions expressed are mine.</description>
		<link>http://dineshkumars.me</link>
		<atom:link href="http://dineshkumars.me/feed.xml" rel="self" type="application/rss+xml" />
		
			<item>
				<title>Welcome to { Personal } Jekyll Theme!</title>
				
				
					<description>&lt;p&gt;Blog got 
&lt;a href=&quot;https://blog.dineshkumars.me&quot; target=&quot;\_blank&quot;&gt;blog.dineshkumars.me&amp;lt;/a&lt;/a&gt;&lt;/p&gt;
</description>
				
				<pubDate>Sat, 27 Jun 2015 00:00:00 +0530</pubDate>
				<link>http://dineshkumars.me/tech/2015/06/27/welcome.html</link>
				<guid isPermaLink="true">http://dineshkumars.me/tech/2015/06/27/welcome.html</guid>
			</item>
		
	</channel>
</rss>
